"Reference","Value","Footprint","MPN","Description"
"C101,C104,C201,C204,C301,C303,C401,C403","10u/50V","Capacitor_THT:CP_Radial_D5.0mm_P2.00mm","","in L coupling,in L stage-2 coupling,in R coupling,in R stage-2 coupling,out L DAC coupling,out L coupling,out R DAC coupling,out R coupling"
"C102,C202,C302,C402","100p","Capacitor_SMD:C_0805_2012Metric","","in L rf,in R rf,out L fb,out R fb"
"C103,C203","1n","Capacitor_SMD:C_0805_2012Metric","","in L divider lp,in R divider lp"
"C105,C205","470p","Capacitor_SMD:C_0805_2012Metric","","in L stage-2 fb (~50 kHz),in R stage-2 fb (~50 kHz)"
"C106,C206","33n","Capacitor_SMD:C_0805_2012Metric","","in L codec lp,in R codec lp"
"C501-C505","100u/16V","Capacitor_THT:CP_Radial_D6.3mm_P2.50mm","","rail bulk"
"C506,C511,C512,C514,C521-C524","100n","Capacitor_SMD:C_0805_2012Metric","","+5V_ESP hf,+5V_SEED hf,+9V hf,AREF out hf,U2 decoupling,U3 decoupling,U4 decoupling,U6 decoupling"
"C507","10u/25V","Capacitor_SMD:C_0805_2012Metric","","buck Cin"
"C508,C509","22u/10V","Capacitor_SMD:C_0805_2012Metric","","buck Cout"
"C510","100n","Capacitor_SMD:C_0603_1608Metric","","buck BST"
"C513","10u","Capacitor_SMD:C_0805_2012Metric","","AREF divider filter"
"D1","NSR1020MW2","Diode_SMD:D_SOD-323","onsemi NSR1020MW2T3G","reverse polarity, SOD-323"
"D2","SMAJ12A","Diode_SMD:D_SMA","Littelfuse SMAJ12A","surge clamp"
"D21","LED Tremolo","LED_THT:LED_D3.0mm","","3 mm"
"D22","LED Delay","LED_THT:LED_D3.0mm","","3 mm"
"D23","LED Reverb","LED_THT:LED_D3.0mm","","3 mm"
"D24","LED Fuzz","LED_THT:LED_D3.0mm","","3 mm"
"D25","LED Tempo","LED_THT:LED_D3.0mm","","3 mm"
"F1","1A PTC","Fuse:Fuse_1812_4532Metric","Bourns MF-MSMF110-2","resettable fuse"
"FB1-FB4","220R@100MHz","Inductor_SMD:L_0805_2012Metric","Murata BLM21PG221SN1D","ESP32 5V bead,Seed 5V bead,analog rail bead,input bead"
"J1","DC 9V centre-neg","Connector_BarrelJack:BarrelJack_Horizontal","CUI PJ-102AH or Lumberg 1613 09","2.1 mm barrel; pedal standard: sleeve = +9 V, centre = 0 V"
"J2","IN TRS","Connector_Audio:Jack_6.35mm_Neutrik_NMJ6HCD2_Horizontal","Neutrik NMJ6HCD2","input, TS = mono"
"J3","OUT TRS","Connector_Audio:Jack_6.35mm_Neutrik_NMJ6HCD2_Horizontal","Neutrik NMJ6HCD2","output"
"J5","ESP32-C3 SuperMini A","Connector_PinSocket_2.54mm:PinSocket_1x08_P2.54mm_Vertical","","left row: 5V GND 3V3 IO0 IO1 IO2 IO3 IO4"
"J6","ESP32-C3 SuperMini B","Connector_PinSocket_2.54mm:PinSocket_1x08_P2.54mm_Vertical","","right row: IO5 IO6 IO7 IO8 IO9 IO10 IO21 IO20"
"J11","FS Tremolo","Connector_JST:JST_XH_B2B-XH-A_1x02_P2.50mm_Vertical","JST B2B-XH-A","to SPST momentary footswitch"
"J12","FS Delay","Connector_JST:JST_XH_B2B-XH-A_1x02_P2.50mm_Vertical","JST B2B-XH-A","to SPST momentary footswitch"
"J13","FS Reverb","Connector_JST:JST_XH_B2B-XH-A_1x02_P2.50mm_Vertical","JST B2B-XH-A","to SPST momentary footswitch"
"J14","FS Fuzz","Connector_JST:JST_XH_B2B-XH-A_1x02_P2.50mm_Vertical","JST B2B-XH-A","to SPST momentary footswitch"
"J15","FS TAP","Connector_JST:JST_XH_B2B-XH-A_1x02_P2.50mm_Vertical","JST B2B-XH-A","to SPST momentary footswitch"
"L1","4u7","Inductor_SMD:L_Bourns_SRN6045TA","Bourns SRN6045TA-4R7M","buck inductor"
"R61-R65","1k","Resistor_SMD:R_0805_2012Metric","","LED Delay series,LED Fuzz series,LED Reverb series,LED Tempo series,LED Tremolo series"
"R101,R201","1M","Resistor_SMD:R_0805_2012Metric","","in L bias,in R bias"
"R102,R106,R202,R206,R304,R404,R504,R505","10k","Resistor_SMD:R_0805_2012Metric","","AREF divider,in L stage-2 in,in L tip-normal pull-down,in R stage-2 in,in R tip-normal pull-down,out L load,out R load"
"R103,R108,R203,R208,R303,R403","100R","Resistor_SMD:R_0805_2012Metric","","in L codec series,in L rf,in R codec series,in R rf,out L series,out R series"
"R104,R204","3k3","Resistor_SMD:R_0805_2012Metric","","in L divider,in R divider"
"R105,R205","4k7","Resistor_SMD:R_0805_2012Metric","","in L divider,in R divider"
"R107,R207","6k8","Resistor_SMD:R_0805_2012Metric","","in L stage-2 fb (gain 0.68: codec never exceeds 1.8 V),in R stage-2 fb (gain 0.68: codec never exceeds 1.8 V)"
"R301,R401","15k","Resistor_SMD:R_0805_2012Metric","","out L in,out R in"
"R302,R402","33k","Resistor_SMD:R_0805_2012Metric","","out L fb,out R fb"
"R501-R503","3R3","Resistor_SMD:R_1206_3216Metric","","rail RC filter"
"RV1-RV6","B10k","Potentiometer_THT:Potentiometer_Alpha_RD901F-40-00D_Single_Vertical","Alpha RD901F-40-15F-B10K","knob 1,knob 2,knob 3,knob 4,knob 5,knob 6"
"SW1","HP cut ON-OFF-ON","pedal:SW_Toggle_2M_SPDT_Vertical","Dailywell 2MS3T1B1M2QES","global high-cut toggle"
"SW2","LP cut ON-OFF-ON","pedal:SW_Toggle_2M_SPDT_Vertical","Dailywell 2MS3T1B1M2QES","global low-cut toggle"
"U1","Daisy Seed3","Daisy-Boards:DAISY_SEED","Electro-Smith Seed3","DSP board, socketed (2x 1x20 female headers)"
"U2-U4,U6","OPA1652AIDR","Package_SO:SOIC-8_3.9x4.9mm_P1.27mm","TI OPA1652AIDR","A output L, B AREF buffer,A output R, B spare follower,input L: A buffer, B inverting,input R: A buffer, B inverting"
"U5","AP63205WU-7","Package_TO_SOT_SMD:TSOT-23-6","Diodes AP63205WU-7","9V->5V buck 2A"
